idx,SPLINE_X,SPLINE_Y,SENSOR_TIMESTAMP,SENSOR_PRESSURE,SENSOR_ALTITUDE,SENSOR_AZIMUTH
0,277.1012268066406,183.11183166503906,1722443386312.649,0.07,0.6,0.72
0,277.1012268066406,183.1713409423828,1722443386312.653,0.11000000000000001,0.6,0.72
0,277.1012268066406,183.31051635742188,1722443386312.657,0.12000000000000001,0.6,0.72
0,277.1012268066406,183.49021911621094,1722443386312.667,0.12000000000000001,0.6,0.72
0,277.1012268066406,183.62208557128906,1722443386312.667,0.13,0.6,0.72
0,277.1012268066406,183.6720733642578,1722443386312.669,0.13,0.6,0.72
0,277.1012268066406,183.66282653808594,1722443386312.673,0.14,0.6,0.72
0,277.1012268066406,183.64060974121094,1722443386312.677,0.14,0.6,0.72
0,277.1012268066406,183.6282196044922,1722443386312.68,0.15000000000000002,0.6,0.72
0,277.1012268066406,183.6265869140625,1722443386312.685,0.15000000000000002,0.6,0.72
0,277.1012268066406,183.62832641601562,1722443386312.689,0.16000000000000003,0.6,0.72
0,277.1012268066406,183.62954711914062,1722443386312.693,0.16000000000000003,0.6,0.72
0,277.1012268066406,183.6297607421875,1722443386312.699,0.16000000000000003,0.6,0.72
0,277.14111328125,183.60943603515625,1722443386312.702,0.17000000000000004,0.6,0.72
0,277.2444763183594,183.56204223632812,1722443386312.707,0.17000000000000004,0.6,0.72
0,277.3885498046875,183.50094604492188,1722443386312.71,0.17000000000000004,0.6,0.72
0,277.5175476074219,183.4561004638672,1722443386312.715,0.17000000000000004,0.6,0.72
0,277.60662841796875,183.43911743164062,1722443386312.719,0.18000000000000005,0.59,0.73
0,277.671875,183.4422607421875,1722443386312.723,0.18000000000000005,0.59,0.73
0,277.7302551269531,183.44981384277344,1722443386312.727,0.18000000000000005,0.59,0.73
0,277.7783203125,183.46414184570312,1722443386312.73,0.19000000000000006,0.59,0.73
0,277.8140869140625,183.49847412109375,1722443386312.735,0.20000000000000007,0.59,0.73
0,277.84185791015625,183.55209350585938,1722443386312.738,0.21000000000000008,0.59,0.73
0,277.8663024902344,183.60464477539062,1722443386312.743,0.22000000000000008,0.59,0.73
0,277.8830261230469,183.64500427246094,1722443386312.746,0.2300000000000001,0.59,0.73
0,277.8894348144531,183.67422485351562,1722443386312.753,0.2500000000000001,0.59,0.73
0,277.88800048828125,183.69764709472656,1722443386312.757,0.2600000000000001,0.59,0.73
0,277.8942565917969,183.71287536621094,1722443386312.762,0.28000000000000014,0.59,0.73
0,277.9146423339844,183.71849060058594,1722443386312.765,0.29000000000000015,0.59,0.73
0,277.9532470703125,183.72714233398438,1722443386312.769,0.30000000000000016,0.59,0.73
0,278.0083923339844,183.7477569580078,1722443386312.773,0.31000000000000016,0.59,0.73
0,278.0809020996094,183.7765655517578,1722443386312.777,0.3200000000000002,0.59,0.73
0,278.17572021484375,183.7987518310547,1722443386312.78,0.3200000000000002,0.59,0.73
0,278.2991943359375,183.8074951171875,1722443386312.785,0.3300000000000002,0.59,0.73
0,278.4519958496094,183.8061065673828,1722443386312.789,0.3300000000000002,0.59,0.73
0,278.6246643066406,183.80235290527344,1722443386312.793,0.3400000000000002,0.59,0.73
0,278.81427001953125,183.80023193359375,1722443386312.797,0.3400000000000002,0.59,0.73
0,279.0252380371094,183.79995727539062,1722443386312.803,0.3400000000000002,0.59,0.73
0,279.2726135253906,183.8002471923828,1722443386312.807,0.3500000000000002,0.59,0.73
0,279.5535583496094,183.8004608154297,1722443386312.812,0.3500000000000002,0.59,0.73
0,279.859619140625,183.8004913330078,1722443386312.815,0.3500000000000002,0.59,0.73
0,280.169921875,183.80047607421875,1722443386312.819,0.3600000000000002,0.59,0.73
0,280.4696960449219,183.8004608154297,1722443386312.823,0.3600000000000002,0.59,0.73
0,280.7593688964844,183.8004608154297,1722443386312.827,0.3700000000000002,0.59,0.73
0,281.046142578125,183.8004608154297,1722443386312.83,0.3700000000000002,0.59,0.73
0,281.3316650390625,183.8004608154297,1722443386312.835,0.3700000000000002,0.59,0.73
0,281.6089172363281,183.8004608154297,1722443386312.839,0.3800000000000002,0.59,0.73
0,281.864990234375,183.8004608154297,1722443386312.843,0.3800000000000002,0.59,0.73
0,282.0999755859375,183.8004608154297,1722443386312.847,0.3800000000000002,0.59,0.73
0,282.3165283203125,183.8004608154297,1722443386312.851,0.3800000000000002,0.59,0.73
0,282.51922607421875,183.8004608154297,1722443386312.857,0.39000000000000024,0.59,0.73
0,282.7069091796875,183.8004608154297,1722443386312.861,0.39000000000000024,0.59,0.73
0,282.8927307128906,183.8004608154297,1722443386312.865,0.39000000000000024,0.59,0.73
0,283.0851135253906,183.8004608154297,1722443386312.869,0.39000000000000024,0.59,0.73
0,283.2940979003906,183.81057739257812,1722443386312.873,0.39000000000000024,0.59,0.73
0,283.5107116699219,183.84434509277344,1722443386312.876,0.40000000000000024,0.59,0.73
0,283.73223876953125,183.9080810546875,1722443386312.881,0.40000000000000024,0.59,0.73
0,283.9491271972656,183.99343872070312,1722443386312.885,0.40000000000000024,0.59,0.73
0,284.1565246582031,184.08688354492188,1722443386312.889,0.40000000000000024,0.59,0.73
0,284.3575744628906,184.18875122070312,1722443386312.893,0.41000000000000025,0.59,0.73
0,284.55810546875,184.3004150390625,1722443386312.897,0.41000000000000025,0.59,0.73
0,284.7579040527344,184.4265594482422,1722443386312.901,0.41000000000000025,0.59,0.73
0,284.94921875,184.56777954101562,1722443386312.907,0.42000000000000026,0.59,0.73
0,285.1291198730469,184.7256317138672,1722443386312.91,0.42000000000000026,0.59,0.73
0,285.3109436035156,184.90574645996094,1722443386312.915,0.42000000000000026,0.59,0.73
0,285.49407958984375,185.10482788085938,1722443386312.919,0.42000000000000026,0.59,0.73
0,285.6717224121094,185.3106689453125,1722443386312.923,0.43000000000000027,0.59,0.73
0,285.83587646484375,185.5067596435547,1722443386312.927,0.43000000000000027,0.59,0.73
0,285.98516845703125,185.68833923339844,1722443386312.931,0.43000000000000027,0.59,0.73
0,286.1249694824219,185.87005615234375,1722443386312.934,0.43000000000000027,0.59,0.73
0,286.2557678222656,186.0629119873047,1722443386312.939,0.43000000000000027,0.59,0.73
0,286.37530517578125,186.26402282714844,1722443386312.943,0.4400000000000003,0.59,0.73
0,286.4691162109375,186.45872497558594,1722443386312.947,0.4400000000000003,0.59,0.73
0,286.5360412597656,186.63998413085938,1722443386312.951,0.4400000000000003,0.59,0.73
0,286.5786437988281,186.8206787109375,1722443386312.955,0.4400000000000003,0.59,0.73
0,286.61529541015625,187.01243591308594,1722443386312.962,0.4500000000000003,0.59,0.73
0,286.65130615234375,187.22314453125,1722443386312.965,0.4500000000000003,0.59,0.73
0,286.68414306640625,187.45150756835938,1722443386312.969,0.4600000000000003,0.59,0.73
0,286.7035217285156,187.70680236816406,1722443386312.973,0.4600000000000003,0.59,0.73
0,286.7088623046875,187.99729919433594,1722443386312.977,0.4700000000000003,0.59,0.73
0,286.7058410644531,188.3233184814453,1722443386312.981,0.4700000000000003,0.59,0.73
0,286.7019958496094,188.6809844970703,1722443386312.985,0.4800000000000003,0.59,0.73
0,286.7001647949219,189.0584259033203,1722443386312.988,0.4800000000000003,0.59,0.73
0,286.7000427246094,189.4402618408203,1722443386312.993,0.4900000000000003,0.59,0.73
0,286.69024658203125,189.82017517089844,1722443386312.997,0.4900000000000003,0.59,0.73
0,286.6572570800781,190.1874237060547,1722443386313.001,0.4900000000000003,0.59,0.73
0,286.5943603515625,190.5375213623047,1722443386313.005,0.5000000000000003,0.59,0.73
0,286.5093994140625,190.87112426757812,1722443386313.013,0.5000000000000003,0.59,0.73
0,286.4160461425781,191.21104431152344,1722443386313.015,0.5000000000000003,0.59,0.73
0,286.31414794921875,191.56997680664062,1722443386313.019,0.5000000000000003,0.59,0.73
0,286.2023010253906,191.9540557861328,1722443386313.023,0.5000000000000003,0.59,0.73
0,286.0755310058594,192.3471221923828,1722443386313.027,0.5100000000000003,0.59,0.73
0,285.9342041015625,192.74317932128906,1722443386313.031,0.5100000000000003,0.59,0.73
0,285.7867736816406,193.1334228515625,1722443386313.035,0.5100000000000003,0.59,0.73
0,285.6407470703125,193.52391052246094,1722443386313.039,0.5200000000000004,0.59,0.73
0,285.4949035644531,193.91127014160156,1722443386313.043,0.5200000000000004,0.59,0.73
0,285.34051513671875,194.30093383789062,1722443386313.047,0.5200000000000004,0.59,0.73
0,285.16424560546875,194.69815063476562,1722443386313.051,0.5300000000000004,0.59,0.73
0,284.9662780761719,195.1112518310547,1722443386313.054,0.5300000000000004,0.59,0.73
0,284.74957275390625,195.549072265625,1722443386313.059,0.5300000000000004,0.59,0.73
0,284.5190124511719,196.0184326171875,1722443386313.065,0.5300000000000004,0.59,0.73
0,284.26385498046875,196.51844787597656,1722443386313.068,0.5400000000000004,0.59,0.73
0,283.98406982421875,197.0479736328125,1722443386313.073,0.5400000000000004,0.59,0.73
0,283.6813659667969,197.5969696044922,1722443386313.077,0.5400000000000004,0.59,0.73
0,283.35345458984375,198.15042114257812,1722443386313.081,0.5400000000000004,0.59,0.73
0,282.99798583984375,198.70216369628906,1722443386313.085,0.5500000000000004,0.59,0.73
0,282.6156005859375,199.25172424316406,1722443386313.089,0.5500000000000004,0.59,0.73
0,282.2120361328125,199.80807495117188,1722443386313.093,0.5500000000000004,0.59,0.73
0,281.78173828125,200.36795043945312,1722443386313.097,0.5500000000000004,0.59,0.73
0,281.3270263671875,200.9327850341797,1722443386313.101,0.5500000000000004,0.59,0.73
0,280.8506164550781,201.50491333007812,1722443386313.105,0.5500000000000004,0.59,0.73
0,280.36944580078125,202.09202575683594,1722443386313.109,0.5500000000000004,0.59,0.73
0,279.88739013671875,202.6930694580078,1722443386313.115,0.5600000000000004,0.59,0.73
0,279.41143798828125,203.29193115234375,1722443386313.119,0.5600000000000004,0.59,0.73
0,278.95465087890625,203.8778839111328,1722443386313.123,0.5600000000000004,0.6,0.72
0,278.5274963378906,204.44479370117188,1722443386313.127,0.5600000000000004,0.6,0.72
0,278.12109375,205.0045928955078,1722443386313.131,0.5600000000000004,0.6,0.72
0,277.71453857421875,205.57101440429688,1722443386313.135,0.5600000000000004,0.6,0.72
0,277.284912109375,206.15576171875,1722443386313.139,0.5600000000000004,0.6,0.72
0,276.83001708984375,206.7567901611328,1722443386313.143,0.5600000000000004,0.6,0.72
0,276.3643493652344,207.3561553955078,1722443386313.147,0.5600000000000004,0.6,0.72
0,275.9075927734375,207.93222045898438,1722443386313.151,0.5600000000000004,0.6,0.72
0,275.4759216308594,208.47608947753906,1722443386313.155,0.5700000000000004,0.6,0.72
0,275.0680847167969,208.99658203125,1722443386313.159,0.5700000000000004,0.6,0.72
0,274.6794128417969,209.5085906982422,1722443386313.165,0.5700000000000004,0.6,0.72
0,274.2942810058594,210.0319366455078,1722443386313.169,0.5700000000000004,0.6,0.72
0,273.8902587890625,210.59161376953125,1722443386313.174,0.5700000000000004,0.6,0.72
0,273.4444885253906,211.2163543701172,1722443386313.177,0.5700000000000004,0.6,0.72
0,272.9433288574219,211.91688537597656,1722443386313.182,0.5700000000000004,0.6,0.72
0,272.3890686035156,212.677734375,1722443386313.185,0.5700000000000004,0.6,0.72
0,271.7864990234375,213.48709106445312,1722443386313.189,0.5700000000000004,0.6,0.72
0,271.1526184082031,214.32594299316406,1722443386313.193,0.5700000000000004,0.6,0.72
0,270.4989318847656,215.17137145996094,1722443386313.197,0.5700000000000004,0.6,0.72
0,269.8337707519531,215.98504638671875,1722443386313.201,0.5700000000000004,0.6,0.72
0,269.1659851074219,216.75636291503906,1722443386313.205,0.5700000000000004,0.6,0.72
0,268.5008544921875,217.4911651611328,1722443386313.209,0.5800000000000004,0.6,0.72
0,267.8363342285156,218.20677185058594,1722443386313.214,0.5800000000000004,0.6,0.72
0,267.1633605957031,218.91917419433594,1722443386313.219,0.5800000000000004,0.6,0.72
0,266.4781494140625,219.6263427734375,1722443386313.223,0.5800000000000004,0.6,0.72
0,265.7939147949219,220.32150268554688,1722443386313.227,0.5800000000000004,0.6,0.72
0,265.1408996582031,220.9914093017578,1722443386313.231,0.5800000000000004,0.6,0.72
0,264.54315185546875,221.62440490722656,1722443386313.235,0.5800000000000004,0.6,0.72
0,264.0101013183594,222.2197265625,1722443386313.239,0.5800000000000004,0.6,0.72
0,263.5215148925781,222.79444885253906,1722443386313.243,0.5800000000000004,0.6,0.72
0,263.0560607910156,223.36264038085938,1722443386313.248,0.5800000000000004,0.6,0.72
0,262.5997009277344,223.9326629638672,1722443386313.251,0.5800000000000004,0.6,0.72
0,262.1536865234375,224.50807189941406,1722443386313.255,0.5800000000000004,0.6,0.72
0,261.7174377441406,225.09474182128906,1722443386313.259,0.5800000000000004,0.6,0.72
0,261.28778076171875,225.69374084472656,1722443386313.264,0.5800000000000004,0.6,0.72
0,260.85870361328125,226.30104064941406,1722443386313.267,0.5800000000000004,0.6,0.72
0,260.4280700683594,226.91021728515625,1722443386313.273,0.5800000000000004,0.6,0.72
0,259.99578857421875,227.51797485351562,1722443386313.277,0.5800000000000004,0.6,0.72
0,259.563232421875,228.12408447265625,1722443386313.281,0.5800000000000004,0.6,0.72
0,259.1407775878906,228.7391357421875,1722443386313.285,0.5800000000000004,0.6,0.72
0,258.7416687011719,229.36697387695312,1722443386313.289,0.5800000000000004,0.6,0.72
0,258.372802734375,229.99134826660156,1722443386313.293,0.5800000000000004,0.6,0.72
0,258.02630615234375,230.60470581054688,1722443386313.297,0.5800000000000004,0.6,0.72
0,257.688232421875,231.21160888671875,1722443386313.301,0.5800000000000004,0.6,0.72
0,257.3581848144531,231.8341522216797,1722443386313.305,0.5700000000000004,0.6,0.72
0,257.0372009277344,232.4936065673828,1722443386313.309,0.5700000000000004,0.6,0.72
0,256.72052001953125,233.19346618652344,1722443386313.314,0.5700000000000004,0.6,0.72
0,256.39532470703125,233.9254150390625,1722443386313.317,0.5700000000000004,0.6,0.72
0,256.06671142578125,234.6775360107422,1722443386313.324,0.5700000000000004,0.6,0.72
0,255.7519989013672,235.45448303222656,1722443386313.327,0.5700000000000004,0.6,0.72
0,255.46568298339844,236.25425720214844,1722443386313.331,0.5700000000000004,0.6,0.72
0,255.21356201171875,237.0657196044922,1722443386313.335,0.5700000000000004,0.6,0.72
0,254.99481201171875,237.85916137695312,1722443386313.339,0.5600000000000004,0.6,0.72
0,254.81492614746094,238.62428283691406,1722443386313.343,0.5600000000000004,0.6,0.72
0,254.67625427246094,239.36134338378906,1722443386313.346,0.5600000000000004,0.6,0.72
0,254.57342529296875,240.08059692382812,1722443386313.351,0.5600000000000004,0.6,0.72
0,254.50027465820312,240.7847900390625,1722443386313.355,0.5500000000000004,0.6,0.72
0,254.45506286621094,241.4786376953125,1722443386313.359,0.5500000000000004,0.6,0.72
0,254.4365692138672,242.16722106933594,1722443386313.363,0.5500000000000004,0.6,0.72
0,254.4364776611328,242.84585571289062,1722443386313.367,0.5400000000000004,0.6,0.72
0,254.4431610107422,243.49313354492188,1722443386313.371,0.5400000000000004,0.6,0.72
0,254.4482879638672,244.0885467529297,1722443386313.377,0.5400000000000004,0.6,0.72
0,254.4499969482422,244.6322784423828,1722443386313.381,0.5300000000000004,0.6,0.72
0,254.47000122070312,245.1356658935547,1722443386313.385,0.5300000000000004,0.6,0.72
0,254.53648376464844,245.6088104248047,1722443386313.389,0.5300000000000004,0.6,0.72
0,254.66294860839844,246.0572052001953,1722443386313.393,0.5300000000000004,0.6,0.72
0,254.833251953125,246.47906494140625,1722443386313.397,0.5200000000000004,0.6,0.72
0,255.03016662597656,246.87132263183594,1722443386313.401,0.5200000000000004,0.6,0.72
0,255.2474822998047,247.22488403320312,1722443386313.405,0.5200000000000004,0.6,0.72
0,255.4975128173828,247.54664611816406,1722443386313.409,0.5200000000000004,0.6,0.72
0,255.788818359375,247.84559631347656,1722443386313.414,0.5200000000000004,0.6,0.72
0,256.1175537109375,248.1217803955078,1722443386313.417,0.5200000000000004,0.6,0.72
0,256.4769287109375,248.3721466064453,1722443386313.421,0.5300000000000004,0.6,0.72
0,256.85467529296875,248.59536743164062,1722443386313.427,0.5300000000000004,0.6,0.72
0,257.2457580566406,248.79640197753906,1722443386313.431,0.5400000000000004,0.6,0.72
0,257.64837646484375,248.98019409179688,1722443386313.435,0.5400000000000004,0.6,0.72
0,258.0754699707031,249.14349365234375,1722443386313.439,0.5500000000000004,0.6,0.72
0,258.5377197265625,249.27920532226562,1722443386313.443,0.5600000000000004,0.6,0.72
0,259.04620361328125,249.38568115234375,1722443386313.447,0.5700000000000004,0.6,0.72
0,259.6001892089844,249.4625244140625,1722443386313.451,0.5800000000000004,0.6,0.72
0,260.2004089355469,249.5194854736328,1722443386313.455,0.5800000000000004,0.6,0.72
0,260.8428039550781,249.5616912841797,1722443386313.459,0.5900000000000004,0.6,0.72
0,261.5198059082031,249.59201049804688,1722443386313.464,0.6000000000000004,0.6,0.72
0,262.22576904296875,249.60755920410156,1722443386313.467,0.6000000000000004,0.6,0.72
0,262.9695739746094,249.62042236328125,1722443386313.471,0.6100000000000004,0.6,0.72
0,263.7528991699219,249.63943481445312,1722443386313.475,0.6100000000000004,0.6,0.72
0,264.5705871582031,249.66464233398438,1722443386313.481,0.6200000000000004,0.6,0.72
0,265.4004211425781,249.68411254882812,1722443386313.485,0.6200000000000004,0.6,0.72
0,266.232421875,249.69203186035156,1722443386313.489,0.6300000000000004,0.6,0.72
0,267.05694580078125,249.68133544921875,1722443386313.493,0.6400000000000005,0.6,0.72
0,267.86993408203125,249.6455841064453,1722443386313.497,0.6500000000000005,0.6,0.72
0,268.6558532714844,249.58108520507812,1722443386313.501,0.6500000000000005,0.6,0.72
0,269.41436767578125,249.49539184570312,1722443386313.505,0.6500000000000005,0.6,0.72
0,270.1491394042969,249.40151977539062,1722443386313.509,0.6600000000000005,0.6,0.72
0,270.8582458496094,249.30934143066406,1722443386313.514,0.6600000000000005,0.6,0.72
0,271.5395202636719,249.22105407714844,1722443386313.517,0.6600000000000005,0.6,0.72
0,272.2035827636719,249.13504028320312,1722443386313.521,0.6600000000000005,0.61,0.6799999999999999
0,272.8606262207031,249.0595245361328,1722443386313.525,0.6600000000000005,0.61,0.6799999999999999
0,273.5180358886719,248.99710083007812,1722443386313.531,0.6600000000000005,0.61,0.6799999999999999
0,274.1896057128906,248.94073486328125,1722443386313.535,0.6600000000000005,0.61,0.6799999999999999
0,274.8955078125,248.88560485839844,1722443386313.539,0.6700000000000005,0.61,0.6799999999999999
0,275.6540222167969,248.83021545410156,1722443386313.543,0.6700000000000005,0.61,0.6799999999999999
0,276.4761047363281,248.77235412597656,1722443386313.5469,0.6700000000000005,0.61,0.6799999999999999
0,277.36114501953125,248.71478271484375,1722443386313.551,0.6700000000000005,0.61,0.6799999999999999
0,278.30450439453125,248.65811157226562,1722443386313.555,0.6700000000000005,0.61,0.6799999999999999
0,279.29620361328125,248.60943603515625,1722443386313.559,0.6600000000000005,0.61,0.6799999999999999
0,280.3224792480469,248.5645294189453,1722443386313.564,0.6400000000000005,0.61,0.6799999999999999
0,281.3659973144531,248.50469970703125,1722443386313.567,0.5700000000000005,0.61,0.6799999999999999
0,282.4126281738281,248.41529846191406,1722443386313.571,0.4400000000000005,0.61,0.6799999999999999
0,283.4254150390625,248.29351806640625,1722443386313.575,0.3100000000000005,0.61,0.6799999999999999
0,284.33477783203125,248.1578369140625,1722443386313.576,4.996003610813204e-16,0.61,0.6799999999999999
0,285.0234680175781,248.03858947753906,1722443386313.577,4.996003610813204e-16,0.61,0.6799999999999999
0,285.4171142578125,247.9627685546875,1722443386313.577,4.996003610813204e-16,0.61,0.6799999999999999
0,285.5399169921875,247.9346466064453,1722443386313.577,4.996003610813204e-16,0.61,0.6799999999999999
0,285.5099792480469,247.93727111816406,1722443386313.577,4.996003610813204e-16,0.61,0.6799999999999999
1,295.4352111816406,131.14402770996094,1722443388204.539,0.12,0.65,0.75
1,295.4447326660156,131.14402770996094,1722443388204.545,0.13999999999999999,0.65,0.75
1,295.46697998046875,131.14402770996094,1722443388204.545,0.15999999999999998,0.65,0.75
1,295.4957275390625,131.14402770996094,1722443388204.553,0.18999999999999997,0.65,0.75
1,295.516845703125,131.14402770996094,1722443388204.554,0.22999999999999998,0.65,0.75
1,295.52484130859375,131.14402770996094,1722443388204.557,0.26999999999999996,0.65,0.75
1,295.5233459472656,131.14402770996094,1722443388204.561,0.31999999999999995,0.65,0.75
1,295.5198059082031,131.14402770996094,1722443388204.565,0.36999999999999994,0.65,0.75
1,295.517822265625,131.14402770996094,1722443388204.569,0.41999999999999993,0.65,0.75
1,295.5175476074219,131.14402770996094,1722443388204.575,0.4599999999999999,0.65,0.75
1,295.517822265625,131.14402770996094,1722443388204.579,0.4899999999999999,0.65,0.75
1,295.5180358886719,131.14402770996094,1722443388204.588,0.5199999999999999,0.65,0.75
1,295.51806640625,131.14402770996094,1722443388204.588,0.5399999999999999,0.65,0.75
1,295.5180358886719,131.14402770996094,1722443388204.591,0.5599999999999999,0.65,0.75
1,295.54779052734375,131.04464721679688,1722443388204.595,0.58,0.65,0.75
1,295.60784912109375,130.8122100830078,1722443388204.601,0.59,0.65,0.75
1,295.6653137207031,130.51211547851562,1722443388204.603,0.6,0.65,0.75
1,295.6687316894531,130.29188537597656,1722443388204.607,0.61,0.65,0.75
1,295.5987854003906,130.2084197998047,1722443388204.611,0.62,0.65,0.75
1,295.4771423339844,130.22386169433594,1722443388204.618,0.62,0.63,0.79
1,295.3441162109375,130.26097106933594,1722443388204.619,0.63,0.63,0.79
1,295.22808837890625,130.2816619873047,1722443388204.623,0.63,0.63,0.79
1,295.1331787109375,130.2843780517578,1722443388204.629,0.63,0.63,0.79
1,295.04931640625,130.28146362304688,1722443388204.635,0.63,0.63,0.79
1,294.966796875,130.27943420410156,1722443388204.637,0.63,0.63,0.79
1,294.8821716308594,130.27906799316406,1722443388204.641,0.63,0.63,0.79
1,294.7864074707031,130.27923583984375,1722443388204.645,0.63,0.63,0.79
1,294.6668701171875,130.27935791015625,1722443388204.652,0.63,0.63,0.79
1,294.5171813964844,130.27935791015625,1722443388204.653,0.63,0.63,0.79
1,294.34503173828125,130.2989959716797,1722443388204.657,0.63,0.63,0.79
1,294.15435791015625,130.3651580810547,1722443388204.662,0.62,0.63,0.79
1,293.9420166015625,130.49142456054688,1722443388204.667,0.61,0.63,0.79
1,293.6936950683594,130.67172241210938,1722443388204.669,0.6,0.63,0.79
1,293.4028625488281,130.90182495117188,1722443388204.673,0.59,0.63,0.79
1,293.0644226074219,131.1822509765625,1722443388204.713,0.58,0.63,0.79
1,292.69171142578125,131.52735900878906,1722443388204.715,0.57,0.63,0.79
1,292.2970886230469,131.94509887695312,1722443388204.715,0.5599999999999999,0.63,0.79
1,291.88092041015625,132.42921447753906,1722443388204.718,0.5499999999999999,0.63,0.79
1,291.4392395019531,132.9726104736328,1722443388204.719,0.5299999999999999,0.63,0.79
1,290.9704284667969,133.56387329101562,1722443388204.72,0.5199999999999999,0.63,0.79
1,290.4895935058594,134.1761932373047,1722443388204.721,0.5099999999999999,0.63,0.79
1,290.01507568359375,134.78158569335938,1722443388204.721,0.5099999999999999,0.63,0.79
1,289.5702209472656,135.36114501953125,1722443388204.722,0.4999999999999999,0.63,0.79
1,289.1662292480469,135.914306640625,1722443388204.723,0.4999999999999999,0.63,0.79
1,288.8013000488281,136.45599365234375,1722443388204.723,0.4999999999999999,0.63,0.79
1,288.4685363769531,137.00856018066406,1722443388204.724,0.4899999999999999,0.63,0.79
1,288.1551513671875,137.57650756835938,1722443388204.728,0.4899999999999999,0.63,0.79
1,287.8553161621094,138.1443634033203,1722443388204.735,0.4899999999999999,0.63,0.79
1,287.5670166015625,138.7029571533203,1722443388204.738,0.47999999999999987,0.63,0.79
1,287.302734375,139.2524871826172,1722443388204.741,0.47999999999999987,0.63,0.79
1,287.0732727050781,139.79635620117188,1722443388204.745,0.47999999999999987,0.63,0.79
1,286.8896789550781,140.32070922851562,1722443388204.752,0.46999999999999986,0.63,0.79
1,286.7615966796875,140.8213653564453,1722443388204.753,0.46999999999999986,0.62,0.77
1,286.69329833984375,141.2880401611328,1722443388204.756,0.45999999999999985,0.62,0.77
1,286.6741943359375,141.7250213623047,1722443388204.762,0.45999999999999985,0.62,0.77
1,286.6815185546875,142.13075256347656,1722443388204.765,0.44999999999999984,0.62,0.77
1,286.69378662109375,142.5111846923828,1722443388204.768,0.43999999999999984,0.62,0.77
1,286.7203063964844,142.86935424804688,1722443388204.772,0.43999999999999984,0.62,0.77
1,286.7980041503906,143.20443725585938,1722443388204.776,0.4299999999999998,0.62,0.77
1,286.94720458984375,143.51156616210938,1722443388204.784,0.4299999999999998,0.62,0.77
1,287.1573486328125,143.78057861328125,1722443388204.787,0.4199999999999998,0.62,0.77
1,287.3995361328125,144.01707458496094,1722443388204.791,0.4099999999999998,0.62,0.77
1,287.65472412109375,144.22958374023438,1722443388204.795,0.4099999999999998,0.62,0.77
1,287.9244384765625,144.43836975097656,1722443388204.801,0.4099999999999998,0.62,0.77
1,288.2198791503906,144.63768005371094,1722443388204.803,0.4099999999999998,0.62,0.77
1,288.5455322265625,144.82070922851562,1722443388204.807,0.4099999999999998,0.62,0.77
1,288.8917236328125,144.9729461669922,1722443388204.811,0.4099999999999998,0.62,0.77
1,289.254638671875,145.0956268310547,1722443388204.818,0.4099999999999998,0.62,0.77
1,289.6288146972656,145.19374084472656,1722443388204.819,0.4199999999999998,0.62,0.77
1,289.9965515136719,145.26951599121094,1722443388204.823,0.4199999999999998,0.64,0.73
1,290.3414306640625,145.32774353027344,1722443388204.827,0.4199999999999998,0.64,0.73
1,290.665283203125,145.3702392578125,1722443388204.831,0.4299999999999998,0.64,0.73
1,290.9767150878906,145.3992156982422,1722443388204.837,0.4299999999999998,0.64,0.73
1,291.2860107421875,145.413330078125,1722443388204.841,0.43999999999999984,0.64,0.73
1,291.5904235839844,145.416015625,1722443388204.845,0.43999999999999984,0.64,0.73
1,291.8942565917969,145.41281127929688,1722443388204.851,0.44999999999999984,0.64,0.73
1,292.1944580078125,145.40948486328125,1722443388204.853,0.45999999999999985,0.64,0.73
1,292.49755859375,145.40798950195312,1722443388204.857,0.46999999999999986,0.64,0.73
1,292.7989501953125,145.40794372558594,1722443388204.861,0.47999999999999987,0.64,0.73
1,293.1032409667969,145.3885955810547,1722443388204.868,0.4899999999999999,0.64,0.73
1,293.40496826171875,145.32318115234375,1722443388204.87,0.4999999999999999,0.64,0.73
1,293.7091979980469,145.18821716308594,1722443388204.873,0.5199999999999999,0.64,0.73
1,294.0208740234375,144.9955596923828,1722443388204.877,0.5299999999999999,0.64,0.73
1,294.3481140136719,144.76861572265625,1722443388204.881,0.5399999999999999,0.64,0.73
1,294.6889953613281,144.5186767578125,1722443388204.887,0.5499999999999999,0.64,0.73
1,295.0475769042969,144.23626708984375,1722443388204.891,0.5599999999999999,0.64,0.73
1,295.4302062988281,143.90634155273438,1722443388204.895,0.57,0.64,0.73
1,295.8508605957031,143.52597045898438,1722443388204.901,0.58,0.64,0.73
1,296.3051452636719,143.09689331054688,1722443388204.903,0.59,0.64,0.73
1,296.7740173339844,142.6155548095703,1722443388204.907,0.59,0.64,0.73
1,297.2438659667969,142.07762145996094,1722443388204.911,0.6,0.64,0.73
1,297.7099914550781,141.48196411132812,1722443388204.918,0.6,0.64,0.73
1,298.1712646484375,140.84698486328125,1722443388204.919,0.61,0.64,0.73
1,298.61163330078125,140.20025634765625,1722443388204.923,0.61,0.64,0.73
1,299.0164794921875,139.57656860351562,1722443388204.927,0.62,0.64,0.73
1,299.3831481933594,138.9849853515625,1722443388204.931,0.62,0.64,0.73
1,299.7065124511719,138.43218994140625,1722443388204.935,0.63,0.64,0.73
1,299.9770812988281,137.909912109375,1722443388204.941,0.64,0.65,0.75
1,300.1910095214844,137.4184112548828,1722443388204.945,0.65,0.65,0.75
1,300.3553466796875,136.95184326171875,1722443388204.951,0.66,0.65,0.75
1,300.4717102050781,136.51744079589844,1722443388204.953,0.67,0.65,0.75
1,300.5379943847656,136.1190643310547,1722443388204.957,0.68,0.65,0.75
1,300.5592346191406,135.75543212890625,1722443388204.961,0.68,0.65,0.75
1,300.553955078125,135.422119140625,1722443388204.968,0.6900000000000001,0.65,0.75
1,300.5422668457031,135.10769653320312,1722443388204.969,0.6900000000000001,0.65,0.75
1,300.5352783203125,134.80679321289062,1722443388204.973,0.6900000000000001,0.65,0.75
1,300.5336608886719,134.49717712402344,1722443388204.977,0.7000000000000001,0.65,0.75
1,300.50457763671875,134.16575622558594,1722443388204.981,0.7000000000000001,0.65,0.75
1,300.4154357910156,133.8100128173828,1722443388204.985,0.7000000000000001,0.65,0.75
1,300.25885009765625,133.4571533203125,1722443388204.991,0.7100000000000001,0.65,0.75
1,300.0561218261719,133.13319396972656,1722443388204.995,0.7100000000000001,0.65,0.75
1,299.8276062011719,132.8486785888672,1722443388205.001,0.7200000000000001,0.65,0.75
1,299.5723876953125,132.5999298095703,1722443388205.003,0.7200000000000001,0.63,0.79
1,299.28125,132.39198303222656,1722443388205.007,0.7200000000000001,0.63,0.79
1,298.944091796875,132.23414611816406,1722443388205.011,0.7200000000000001,0.63,0.79
1,298.55169677734375,132.13449096679688,1722443388205.018,0.7100000000000001,0.63,0.79
1,298.1001281738281,132.087158203125,1722443388205.019,0.6900000000000001,0.63,0.79
1,297.599853515625,132.07676696777344,1722443388205.023,0.66,0.63,0.79
1,297.05413818359375,132.09271240234375,1722443388205.027,0.62,0.63,0.79
1,296.4677429199219,132.16363525390625,1722443388205.031,0.56,0.63,0.79
1,295.8399963378906,132.3403778076172,1722443388205.035,0.49000000000000005,0.63,0.79
1,295.1793518066406,132.66944885253906,1722443388205.039,0.4,0.63,0.79
1,294.5055847167969,133.15826416015625,1722443388205.045,0.30000000000000004,0.63,0.79
1,293.8643798828125,133.75543212890625,1722443388205.051,0.22000000000000003,0.63,0.79
1,293.3070373535156,134.35984802246094,1722443388205.052,2.7755575615628914e-17,0.63,0.79
1,292.8963623046875,134.84202575683594,1722443388205.052,2.7755575615628914e-17,0.63,0.79
1,292.6629943847656,135.1227569580078,1722443388205.052,2.7755575615628914e-17,0.63,0.79
1,292.5880432128906,135.21157836914062,1722443388205.052,2.7755575615628914e-17,0.63,0.79
1,292.6031799316406,135.1917724609375,1722443388205.052,2.7755575615628914e-17,0.63,0.79
2,319.2988586425781,202.393310546875,1722443389849.182,0.09,0.65,0.66
2,319.2988586425781,202.29393005371094,1722443389849.187,0.09999999999999999,0.65,0.66
2,319.2988586425781,202.06149291992188,1722443389849.192,0.10999999999999999,0.65,0.66
2,319.2988586425781,201.7613983154297,1722443389849.199,0.11999999999999998,0.65,0.66
2,319.2988586425781,201.54116821289062,1722443389849.199,0.13999999999999999,0.65,0.66
2,319.2988586425781,201.45770263671875,1722443389849.203,0.15999999999999998,0.65,0.66
2,319.2988586425781,201.47314453125,1722443389849.207,0.17999999999999997,0.65,0.66
2,319.2988586425781,201.51025390625,1722443389849.211,0.21999999999999997,0.65,0.66
2,319.2988586425781,201.53094482421875,1722443389849.217,0.25999999999999995,0.65,0.66
2,319.2988586425781,201.53366088867188,1722443389849.22,0.30999999999999994,0.65,0.66
2,319.2988586425781,201.53074645996094,1722443389849.223,0.35999999999999993,0.65,0.66
2,319.2988586425781,201.52871704101562,1722443389849.228,0.3999999999999999,0.65,0.66
2,319.2988586425781,201.52835083007812,1722443389849.231,0.4399999999999999,0.65,0.66
2,319.2988586425781,201.5285186767578,1722443389849.235,0.46999999999999986,0.65,0.66
2,319.2988586425781,201.5286407470703,1722443389849.241,0.4999999999999999,0.65,0.66
2,319.3482360839844,201.2001495361328,1722443389849.245,0.5199999999999999,0.65,0.66
2,319.4637756347656,200.431884765625,1722443389849.249,0.5399999999999999,0.65,0.66
2,319.6129150390625,199.43994140625,1722443389849.254,0.5599999999999999,0.65,0.66
2,319.7223815917969,198.71202087402344,1722443389849.257,0.57,0.65,0.66
2,319.76385498046875,198.43614196777344,1722443389849.264,0.59,0.65,0.66
2,319.7561950683594,198.4871826171875,1722443389849.265,0.6,0.65,0.66
2,319.73773193359375,198.6098175048828,1722443389849.269,0.61,0.65,0.66
2,319.7274475097656,198.68832397460938,1722443389849.273,0.62,0.65,0.66
2,319.7261047363281,198.73106384277344,1722443389849.277,0.62,0.65,0.66
2,319.7275695800781,198.78579711914062,1722443389849.281,0.62,0.65,0.66
2,319.72857666015625,198.86520385742188,1722443389849.286,0.62,0.65,0.66
2,319.728759765625,198.96798706054688,1722443389849.291,0.62,0.65,0.66
2,319.71856689453125,199.09356689453125,1722443389849.298,0.62,0.65,0.66
2,319.685302734375,199.25498962402344,1722443389849.299,0.62,0.65,0.66
2,319.62237548828125,199.4590301513672,1722443389849.304,0.62,0.65,0.66
2,319.53741455078125,199.7010955810547,1722443389849.307,0.61,0.65,0.66
2,319.444091796875,199.98416137695312,1722443389849.315,0.61,0.65,0.66
2,319.34222412109375,200.31887817382812,1722443389849.315,0.61,0.65,0.66
2,319.2303771972656,200.73001098632812,1722443389849.32,0.62,0.65,0.66
2,319.1036071777344,201.22752380371094,1722443389849.323,0.62,0.65,0.66
2,318.9622802734375,201.81011962890625,1722443389849.328,0.62,0.65,0.66
2,318.8047180175781,202.4771270751953,1722443389849.331,0.62,0.65,0.66
2,318.62493896484375,203.23046875,1722443389849.335,0.63,0.65,0.66
2,318.4254455566406,204.05857849121094,1722443389849.339,0.63,0.65,0.66
2,318.2189025878906,204.93075561523438,1722443389849.348,0.63,0.65,0.66
2,318.0222473144531,205.81422424316406,1722443389849.349,0.64,0.65,0.66
2,317.83099365234375,206.69070434570312,1722443389849.354,0.64,0.65,0.66
2,317.6366271972656,207.5583953857422,1722443389849.357,0.64,0.65,0.66
2,317.4374084472656,208.42210388183594,1722443389849.364,0.64,0.65,0.66
2,317.25408935546875,209.29515075683594,1722443389849.365,0.64,0.65,0.66
2,317.09613037109375,210.18167114257812,1722443389849.37,0.64,0.65,0.66
2,316.96441650390625,211.08522033691406,1722443389849.373,0.64,0.65,0.66
2,316.8507080078125,212.0048370361328,1722443389849.378,0.64,0.65,0.66
2,316.7520751953125,212.93173217773438,1722443389849.381,0.64,0.65,0.66
2,316.66357421875,213.85800170898438,1722443389849.386,0.65,0.65,0.66
2,316.579833984375,214.773681640625,1722443389849.39,0.65,0.65,0.66
2,316.49603271484375,215.673828125,1722443389849.398,0.65,0.65,0.66
2,316.400634765625,216.54518127441406,1722443389849.399,0.66,0.65,0.66
2,316.29119873046875,217.37896728515625,1722443389849.403,0.66,0.65,0.66
2,316.1648254394531,218.175537109375,1722443389849.408,0.67,0.65,0.66
2,316.033447265625,218.95985412597656,1722443389849.415,0.67,0.65,0.66
2,315.9190979003906,219.75192260742188,1722443389849.416,0.67,0.65,0.66
2,315.83599853515625,220.54469299316406,1722443389849.42,0.67,0.65,0.66
2,315.7749328613281,221.3007049560547,1722443389849.424,0.68,0.65,0.66
2,315.723388671875,221.98133850097656,1722443389849.428,0.68,0.65,0.66
2,315.6814880371094,222.5769805908203,1722443389849.431,0.68,0.65,0.66
2,315.6578369140625,223.11012268066406,1722443389849.436,0.68,0.65,0.66
2,315.6527404785156,223.59654235839844,1722443389849.439,0.68,0.65,0.66
2,315.6575012207031,224.0346221923828,1722443389849.443,0.68,0.65,0.66
2,315.6627197265625,224.40008544921875,1722443389849.45,0.68,0.65,0.66
2,315.66485595703125,224.6804962158203,1722443389849.453,0.68,0.65,0.66
2,315.66485595703125,224.88656616210938,1722443389849.457,0.68,0.65,0.66
2,315.6643981933594,225.04168701171875,1722443389849.461,0.68,0.65,0.66
2,315.6641540527344,225.1537322998047,1722443389849.465,0.6900000000000001,0.65,0.66
2,315.6641540527344,225.2291717529297,1722443389849.47,0.6900000000000001,0.65,0.66
2,315.6641845703125,225.27403259277344,1722443389849.473,0.6900000000000001,0.65,0.66
2,315.6641845703125,225.2992401123047,1722443389849.477,0.6900000000000001,0.65,0.66
2,315.6742858886719,225.3099822998047,1722443389849.481,0.7000000000000001,0.65,0.66
2,315.6979675292969,225.31155395507812,1722443389849.485,0.7000000000000001,0.65,0.66
2,315.7386169433594,225.3084259033203,1722443389849.489,0.7100000000000001,0.65,0.66
2,315.7942199707031,225.3053436279297,1722443389849.493,0.7100000000000001,0.65,0.66
2,315.86566162109375,225.29380798339844,1722443389849.499,0.7200000000000001,0.64,0.7000000000000001
2,315.94903564453125,225.2504425048828,1722443389849.503,0.7200000000000001,0.64,0.7000000000000001
2,316.0486755371094,225.1540069580078,1722443389849.507,0.7300000000000001,0.64,0.7000000000000001
2,316.1715393066406,224.99537658691406,1722443389849.511,0.7300000000000001,0.64,0.7000000000000001
2,316.33251953125,224.77342224121094,1722443389849.515,0.7400000000000001,0.64,0.7000000000000001
2,316.5376281738281,224.4920654296875,1722443389849.519,0.7400000000000001,0.64,0.7000000000000001
2,316.8008728027344,224.14459228515625,1722443389849.524,0.7500000000000001,0.64,0.7000000000000001
2,317.131103515625,223.71595764160156,1722443389849.528,0.7500000000000001,0.64,0.7000000000000001
2,317.5459289550781,223.18887329101562,1722443389849.532,0.7600000000000001,0.64,0.7000000000000001
2,318.0472717285156,222.55917358398438,1722443389849.535,0.7600000000000001,0.64,0.7000000000000001
2,318.63092041015625,221.83277893066406,1722443389849.539,0.7600000000000001,0.65,0.66
2,319.28656005859375,221.02833557128906,1722443389849.543,0.7600000000000001,0.65,0.66
2,320.0051574707031,220.16261291503906,1722443389849.548,0.7700000000000001,0.65,0.66
2,320.75946044921875,219.23216247558594,1722443389849.553,0.7700000000000001,0.65,0.66
2,321.5235900878906,218.2345428466797,1722443389849.558,0.7700000000000001,0.65,0.66
2,322.2740783691406,217.18515014648438,1722443389849.561,0.7700000000000001,0.65,0.66
2,323.01324462890625,216.10874938964844,1722443389849.565,0.7700000000000001,0.65,0.66
2,323.74371337890625,215.01759338378906,1722443389849.57,0.7700000000000001,0.65,0.66
2,324.46728515625,213.9215850830078,1722443389849.573,0.7700000000000001,0.65,0.66
2,325.18731689453125,212.8344268798828,1722443389849.577,0.7700000000000001,0.65,0.66
2,325.8977355957031,211.76950073242188,1722443389849.581,0.7700000000000001,0.65,0.66
2,326.59320068359375,210.7359161376953,1722443389849.586,0.7700000000000001,0.65,0.66
2,327.2726745605469,209.73623657226562,1722443389849.589,0.7700000000000001,0.65,0.66
2,327.9384765625,208.77655029296875,1722443389849.594,0.7700000000000001,0.65,0.66
2,328.5871276855469,207.8689422607422,1722443389849.598,0.7700000000000001,0.65,0.66
2,329.21441650390625,207.02134704589844,1722443389849.604,0.7700000000000001,0.65,0.66
2,329.82354736328125,206.24432373046875,1722443389849.607,0.7700000000000001,0.65,0.66
2,330.4140625,205.53060913085938,1722443389849.611,0.7700000000000001,0.65,0.66
2,330.9912109375,204.87789916992188,1722443389849.615,0.7700000000000001,0.65,0.66
2,331.5543518066406,204.27992248535156,1722443389849.62,0.7700000000000001,0.65,0.66
2,332.1141052246094,203.7410430908203,1722443389849.623,0.7700000000000001,0.65,0.66
2,332.6711730957031,203.256103515625,1722443389849.627,0.7700000000000001,0.65,0.66
2,333.232666015625,202.81199645996094,1722443389849.631,0.7700000000000001,0.65,0.66
2,333.8031921386719,202.3971405029297,1722443389849.635,0.7700000000000001,0.63,0.63
2,334.39019775390625,202.0186309814453,1722443389849.639,0.7700000000000001,0.63,0.63
2,334.9814147949219,201.68850708007812,1722443389849.644,0.7700000000000001,0.63,0.63
2,335.5567932128906,201.4054412841797,1722443389849.649,0.7700000000000001,0.63,0.63
2,336.10211181640625,201.1605224609375,1722443389849.651,0.7700000000000001,0.63,0.63
2,336.6134033203125,200.94625854492188,1722443389849.658,0.7700000000000001,0.63,0.63
2,337.08154296875,200.75772094726562,1722443389849.661,0.7700000000000001,0.65,0.66
2,337.5077209472656,200.59536743164062,1722443389849.665,0.7600000000000001,0.65,0.66
2,337.9088439941406,200.46180725097656,1722443389849.669,0.7600000000000001,0.65,0.66
2,338.30194091796875,200.3566436767578,1722443389849.674,0.7600000000000001,0.65,0.66
2,338.6875,200.280517578125,1722443389849.677,0.7600000000000001,0.65,0.66
2,339.056884765625,200.2342529296875,1722443389849.681,0.7600000000000001,0.65,0.66
2,339.398681640625,200.2161102294922,1722443389849.686,0.7600000000000001,0.65,0.66
2,339.7073669433594,200.2164306640625,1722443389849.689,0.7600000000000001,0.65,0.66
2,339.9849853515625,200.2232208251953,1722443389849.693,0.7600000000000001,0.65,0.66
2,340.25323486328125,200.228271484375,1722443389849.698,0.7600000000000001,0.65,0.66
2,340.5386657714844,200.2400360107422,1722443389849.702,0.7600000000000001,0.65,0.66
2,340.8566589355469,200.29322814941406,1722443389849.708,0.7600000000000001,0.65,0.66
2,341.19049072265625,200.4226531982422,1722443389849.711,0.7600000000000001,0.65,0.66
2,341.5206298828125,200.63406372070312,1722443389849.717,0.7600000000000001,0.65,0.66
2,341.8417053222656,200.9077911376953,1722443389849.719,0.7600000000000001,0.65,0.66
2,342.1664733886719,201.2201385498047,1722443389849.723,0.7600000000000001,0.65,0.66
2,342.5033264160156,201.55560302734375,1722443389849.728,0.7600000000000001,0.65,0.66
2,342.85076904296875,201.91336059570312,1722443389849.731,0.7600000000000001,0.65,0.66
2,343.1911926269531,202.2978973388672,1722443389849.736,0.7600000000000001,0.65,0.66
2,343.51617431640625,202.72097778320312,1722443389849.739,0.7600000000000001,0.65,0.66
2,343.822021484375,203.1970672607422,1722443389849.744,0.7600000000000001,0.65,0.66
2,344.112060546875,203.7332763671875,1722443389849.748,0.7600000000000001,0.65,0.66
2,344.37628173828125,204.31903076171875,1722443389849.751,0.7700000000000001,0.65,0.66
2,344.6050109863281,204.94105529785156,1722443389849.755,0.7700000000000001,0.65,0.66
2,344.79730224609375,205.5816192626953,1722443389849.761,0.7700000000000001,0.65,0.66
2,344.9674377441406,206.22425842285156,1722443389849.766,0.7700000000000001,0.65,0.66
2,345.1216735839844,206.8634033203125,1722443389849.769,0.7700000000000001,0.65,0.66
2,345.2562255859375,207.49942016601562,1722443389849.773,0.7700000000000001,0.65,0.66
2,345.3648681640625,208.14193725585938,1722443389849.777,0.7700000000000001,0.65,0.66
2,345.4530029296875,208.78851318359375,1722443389849.782,0.7700000000000001,0.65,0.66
2,345.53277587890625,209.4307403564453,1722443389849.785,0.7700000000000001,0.65,0.66
2,345.6136169433594,210.04710388183594,1722443389849.789,0.7700000000000001,0.65,0.66
2,345.6979675292969,210.6344757080078,1722443389849.793,0.7700000000000001,0.65,0.66
2,345.78448486328125,211.1962432861328,1722443389849.798,0.7700000000000001,0.65,0.66
2,345.8719177246094,211.751953125,1722443389849.801,0.7700000000000001,0.65,0.66
2,345.94964599609375,212.29661560058594,1722443389849.805,0.7800000000000001,0.65,0.66
2,346.0039978027344,212.82461547851562,1722443389849.811,0.7800000000000001,0.65,0.66
2,346.0373840332031,213.33251953125,1722443389849.815,0.7800000000000001,0.65,0.66
2,346.06103515625,213.83480834960938,1722443389849.819,0.7800000000000001,0.65,0.66
2,346.0825500488281,214.3422393798828,1722443389849.822,0.7800000000000001,0.65,0.66
2,346.1081237792969,214.85821533203125,1722443389849.827,0.7800000000000001,0.65,0.66
2,346.13787841796875,215.3683319091797,1722443389849.833,0.7800000000000001,0.65,0.66
2,346.1672058105469,215.86561584472656,1722443389849.835,0.7900000000000001,0.65,0.66
2,346.18658447265625,216.35508728027344,1722443389849.839,0.7900000000000001,0.65,0.66
2,346.1831970214844,216.8421173095703,1722443389849.843,0.7900000000000001,0.65,0.66
2,346.148193359375,217.32943725585938,1722443389849.848,0.7900000000000001,0.65,0.66
2,346.08172607421875,217.8097686767578,1722443389849.851,0.7900000000000001,0.65,0.66
2,345.9948425292969,218.2869415283203,1722443389849.855,0.7900000000000001,0.65,0.66
2,345.9107971191406,218.76953125,1722443389849.859,0.7900000000000001,0.65,0.66
2,345.8415832519531,219.25830078125,1722443389849.865,0.7900000000000001,0.65,0.66
2,345.7829284667969,219.7490997314453,1722443389849.869,0.7900000000000001,0.65,0.66
2,345.71875,220.24156188964844,1722443389849.873,0.7900000000000001,0.65,0.66
2,345.64141845703125,220.7324981689453,1722443389849.877,0.7900000000000001,0.65,0.66
2,345.5539245605469,221.21153259277344,1722443389849.881,0.7900000000000001,0.66,0.68
2,345.46405029296875,221.6785125732422,1722443389849.885,0.7900000000000001,0.66,0.68
2,345.3756103515625,222.1484375,1722443389849.889,0.7900000000000001,0.66,0.68
2,345.28900146484375,222.6383056640625,1722443389849.893,0.7900000000000001,0.66,0.68
2,345.2030334472656,223.1497802734375,1722443389849.899,0.7900000000000001,0.66,0.68
2,345.1169128417969,223.67311096191406,1722443389849.9011,0.7900000000000001,0.66,0.68
2,345.030029296875,224.18763732910156,1722443389849.905,0.7900000000000001,0.66,0.68
2,344.9429931640625,224.68577575683594,1722443389849.909,0.7900000000000001,0.66,0.68
2,344.8562316894531,225.16476440429688,1722443389849.916,0.7900000000000001,0.66,0.68
2,344.7799072265625,225.62774658203125,1722443389849.919,0.7900000000000001,0.66,0.68
2,344.7167663574219,226.06463623046875,1722443389849.923,0.8000000000000002,0.66,0.68
2,344.6698913574219,226.4766387939453,1722443389849.927,0.8000000000000002,0.66,0.68
2,344.62847900390625,226.85633850097656,1722443389849.933,0.8000000000000002,0.66,0.68
2,344.5907897949219,227.2076873779297,1722443389849.935,0.8000000000000002,0.66,0.68
2,344.5489501953125,227.53726196289062,1722443389849.939,0.8000000000000002,0.66,0.68
2,344.50762939453125,227.85324096679688,1722443389849.943,0.8000000000000002,0.66,0.68
2,344.4726257324219,228.15362548828125,1722443389849.95,0.8000000000000002,0.66,0.68
2,344.45330810546875,228.43447875976562,1722443389849.951,0.8000000000000002,0.66,0.68
2,344.44842529296875,228.69813537597656,1722443389849.955,0.8000000000000002,0.65,0.7200000000000001
2,344.4415588378906,228.94309997558594,1722443389849.959,0.8000000000000002,0.65,0.7200000000000001
2,344.4217834472656,229.16444396972656,1722443389849.967,0.8000000000000002,0.65,0.7200000000000001
2,344.3930358886719,229.35842895507812,1722443389849.969,0.8000000000000002,0.65,0.7200000000000001
2,344.3706970214844,229.53221130371094,1722443389849.973,0.8000000000000002,0.65,0.7200000000000001
2,344.3619079589844,229.6980743408203,1722443389849.977,0.8000000000000002,0.65,0.7200000000000001
2,344.36328125,229.86537170410156,1722443389849.982,0.8000000000000002,0.65,0.7200000000000001
2,344.3670349121094,230.02658081054688,1722443389849.985,0.8000000000000002,0.65,0.7200000000000001
2,344.369140625,230.17648315429688,1722443389849.989,0.8000000000000002,0.65,0.7200000000000001
2,344.36944580078125,230.320068359375,1722443389849.993,0.8000000000000002,0.65,0.7200000000000001
2,344.369140625,230.46121215820312,1722443389849.998,0.8000000000000002,0.65,0.7200000000000001
2,344.3689270019531,230.6026153564453,1722443389850.001,0.8100000000000002,0.65,0.7200000000000001
2,344.368896484375,230.7368621826172,1722443389850.005,0.8100000000000002,0.65,0.7200000000000001
2,344.3689270019531,230.86805725097656,1722443389850.009,0.8100000000000002,0.65,0.7200000000000001
2,344.3689270019531,230.99496459960938,1722443389850.015,0.8100000000000002,0.65,0.7200000000000001
2,344.3689270019531,231.12506103515625,1722443389850.019,0.8100000000000002,0.65,0.7200000000000001
2,344.3689270019531,231.26327514648438,1722443389850.023,0.8100000000000002,0.65,0.7200000000000001
2,344.3689270019531,231.41737365722656,1722443389850.027,0.8100000000000002,0.65,0.7200000000000001
2,344.3689270019531,231.58546447753906,1722443389850.031,0.8100000000000002,0.65,0.7200000000000001
2,344.3689270019531,231.7617950439453,1722443389850.035,0.8100000000000002,0.65,0.7200000000000001
2,344.3689270019531,231.9388885498047,1722443389850.039,0.8100000000000002,0.65,0.7200000000000001
2,344.3689270019531,232.1136932373047,1722443389850.043,0.8100000000000002,0.65,0.7200000000000001
2,344.3689270019531,232.28646850585938,1722443389850.048,0.8100000000000002,0.65,0.7200000000000001
2,344.3689270019531,232.45870971679688,1722443389850.051,0.8100000000000002,0.65,0.7200000000000001
2,344.3689270019531,232.62144470214844,1722443389850.055,0.8100000000000002,0.65,0.7200000000000001
2,344.3689270019531,232.77110290527344,1722443389850.059,0.8100000000000002,0.65,0.7200000000000001
2,344.3689270019531,232.91421508789062,1722443389850.065,0.7900000000000001,0.65,0.7200000000000001
2,344.3594055175781,233.06529235839844,1722443389850.067,0.7400000000000001,0.65,0.7200000000000001
2,344.3270263671875,233.22975158691406,1722443389850.073,0.6400000000000001,0.65,0.7200000000000001
2,344.2644958496094,233.38365173339844,1722443389850.077,0.4800000000000001,0.65,0.7200000000000001
2,344.1790466308594,233.50311279296875,1722443389850.082,0.2600000000000001,0.65,0.7200000000000001
2,344.0849304199219,233.5746612548828,1722443389850.083,1.1102230246251565e-16,0.65,0.7200000000000001
2,344.0026550292969,233.6077423095703,1722443389850.085,1.1102230246251565e-16,0.65,0.7200000000000001
2,343.9481201171875,233.61573791503906,1722443389850.085,1.1102230246251565e-16,0.65,0.7200000000000001
2,343.9258728027344,233.61305236816406,1722443389850.085,1.1102230246251565e-16,0.65,0.7200000000000001
2,343.9255676269531,233.6078338623047,1722443389850.085,1.1102230246251565e-16,0.65,0.7200000000000001
3,379.6440734863281,160.10765075683594,1722443391586.918,0.11,0.65,0.75
3,379.6440734863281,160.0880126953125,1722443391586.921,0.15,0.65,0.75
3,379.6440734863281,160.04208374023438,1722443391586.925,0.18,0.65,0.75
3,379.6440734863281,159.9827880859375,1722443391586.935,0.22999999999999998,0.65,0.75
3,379.6440734863281,159.93927001953125,1722443391586.937,0.32999999999999996,0.65,0.75
3,379.6440734863281,159.9227752685547,1722443391586.941,0.38999999999999996,0.65,0.75
3,379.6440734863281,159.9258270263672,1722443391586.95,0.43999999999999995,0.65,0.75
3,379.6440734863281,159.93316650390625,1722443391586.955,0.5399999999999999,0.65,0.75
3,379.6440734863281,159.937255859375,1722443391586.959,0.57,0.65,0.75
3,379.6440734863281,159.9377899169922,1722443391586.967,0.6,0.65,0.75
3,379.6440734863281,159.9372100830078,1722443391586.967,0.63,0.65,0.75
3,379.6440734863281,159.9368133544922,1722443391586.971,0.65,0.65,0.75
3,379.664306640625,159.66836547851562,1722443391586.975,0.67,0.65,0.75
3,379.71160888671875,159.0406951904297,1722443391586.984,0.6900000000000001,0.65,0.75
3,379.7626037597656,158.23025512695312,1722443391586.987,0.7200000000000001,0.65,0.75
3,379.7837829589844,157.63552856445312,1722443391586.991,0.7400000000000001,0.65,0.75
3,379.7601013183594,157.41012573242188,1722443391586.998,0.7500000000000001,0.65,0.75
3,379.71087646484375,157.4518280029297,1722443391586.999,0.7500000000000001,0.65,0.75
3,379.6547546386719,157.572265625,1722443391587.003,0.7600000000000001,0.65,0.75
3,379.607421875,157.6849822998047,1722443391587.009,0.7600000000000001,0.65,0.75
3,379.56329345703125,157.78578186035156,1722443391587.017,0.7600000000000001,0.65,0.75
3,379.5227966308594,157.8948211669922,1722443391587.017,0.7600000000000001,0.65,0.75
3,379.4786071777344,158.0336456298828,1722443391587.021,0.7600000000000001,0.65,0.75
3,379.4263610839844,158.2287139892578,1722443391587.025,0.7600000000000001,0.65,0.75
3,379.3585205078125,158.51473999023438,1722443391587.033,0.7600000000000001,0.65,0.75
3,379.27679443359375,158.9078369140625,1722443391587.033,0.7500000000000001,0.65,0.75
3,379.18731689453125,159.42135620117188,1722443391587.037,0.7500000000000001,0.65,0.75
3,379.08721923828125,160.05250549316406,1722443391587.041,0.7500000000000001,0.65,0.75
3,378.9659423828125,160.91201782226562,1722443391587.05,0.7500000000000001,0.65,0.75
3,378.8160095214844,162.04086303710938,1722443391587.053,0.7500000000000001,0.65,0.75
3,378.6544494628906,163.37631225585938,1722443391587.06,0.7500000000000001,0.65,0.75
3,378.4881286621094,164.90121459960938,1722443391587.067,0.7500000000000001,0.65,0.75
3,378.31683349609375,166.59718322753906,1722443391587.071,0.7500000000000001,0.65,0.75
3,378.13427734375,168.38250732421875,1722443391587.075,0.7500000000000001,0.65,0.75
3,377.947509765625,170.1008758544922,1722443391587.083,0.7600000000000001,0.65,0.75
3,377.7646179199219,171.67950439453125,1722443391587.084,0.7600000000000001,0.65,0.75
3,377.5794372558594,173.16177368164062,1722443391587.087,0.7600000000000001,0.65,0.75
3,377.3853759765625,174.6281280517578,1722443391587.091,0.7600000000000001,0.65,0.75
3,377.1747741699219,176.12200927734375,1722443391587.095,0.7600000000000001,0.65,0.75
3,376.95721435546875,177.63442993164062,1722443391587.099,0.7600000000000001,0.65,0.75
3,376.7456359863281,179.14356994628906,1722443391587.103,0.7700000000000001,0.65,0.75
3,376.55194091796875,180.62425231933594,1722443391587.107,0.7700000000000001,0.65,0.75
3,376.36431884765625,182.0752716064453,1722443391587.114,0.7700000000000001,0.65,0.75
3,376.1717529296875,183.51148986816406,1722443391587.118,0.7700000000000001,0.65,0.75
3,375.97271728515625,184.9556884765625,1722443391587.121,0.7700000000000001,0.65,0.75
3,375.77947998046875,186.43563842773438,1722443391587.125,0.7700000000000001,0.65,0.75
3,375.5782470703125,188.12252807617188,1722443391587.133,0.7700000000000001,0.65,0.75
3,375.3601989746094,190.0516357421875,1722443391587.137,0.7800000000000001,0.65,0.75
3,375.121337890625,192.068115234375,1722443391587.141,0.7800000000000001,0.65,0.75
3,374.8740539550781,193.8960723876953,1722443391587.148,0.7800000000000001,0.65,0.75
3,374.6318664550781,195.4508819580078,1722443391587.149,0.7800000000000001,0.65,0.75
3,374.3995056152344,196.8345489501953,1722443391587.153,0.7900000000000001,0.65,0.75
3,374.1593933105469,198.2068634033203,1722443391587.157,0.7900000000000001,0.65,0.75
3,373.8964538574219,199.64419555664062,1722443391587.165,0.7900000000000001,0.65,0.75
3,373.6036071777344,201.1382293701172,1722443391587.168,0.7900000000000001,0.65,0.75
3,373.28729248046875,202.64865112304688,1722443391587.171,0.8000000000000002,0.65,0.75
3,372.94342041015625,204.15623474121094,1722443391587.175,0.8000000000000002,0.65,0.75
3,372.5756530761719,205.65890502929688,1722443391587.181,0.8000000000000002,0.65,0.75
3,372.19586181640625,207.14749145507812,1722443391587.183,0.8000000000000002,0.66,0.73
3,371.8243713378906,208.59246826171875,1722443391587.187,0.8000000000000002,0.66,0.73
3,371.4688720703125,209.96177673339844,1722443391587.192,0.8000000000000002,0.66,0.73
3,371.1250915527344,211.22792053222656,1722443391587.2,0.8000000000000002,0.66,0.73
3,370.7935485839844,212.3861846923828,1722443391587.2,0.8000000000000002,0.66,0.73
3,370.4933166503906,213.4477996826172,1722443391587.203,0.8000000000000002,0.66,0.73
3,370.244140625,214.43072509765625,1722443391587.207,0.8000000000000002,0.66,0.73
3,370.04638671875,215.34120178222656,1722443391587.211,0.8000000000000002,0.66,0.73
3,369.8787536621094,216.1752471923828,1722443391587.217,0.8000000000000002,0.66,0.73
3,369.7179870605469,216.9346923828125,1722443391587.221,0.8000000000000002,0.66,0.73
3,369.5523681640625,217.62905883789062,1722443391587.225,0.8000000000000002,0.66,0.73
3,369.38134765625,218.26490783691406,1722443391587.232,0.8000000000000002,0.66,0.73
3,369.21820068359375,218.84620666503906,1722443391587.233,0.8000000000000002,0.66,0.73
3,369.0782165527344,219.37322998046875,1722443391587.236,0.8000000000000002,0.66,0.73
3,368.978515625,219.8326416015625,1722443391587.241,0.8100000000000002,0.66,0.73
3,368.9139099121094,220.20059204101562,1722443391587.245,0.8100000000000002,0.66,0.73
3,368.8739929199219,220.46812438964844,1722443391587.249,0.8100000000000002,0.66,0.73
3,368.84759521484375,220.64866638183594,1722443391587.253,0.8100000000000002,0.66,0.73
3,368.83404541015625,220.77053833007812,1722443391587.257,0.8100000000000002,0.66,0.73
3,368.83087158203125,220.86045837402344,1722443391587.261,0.8100000000000002,0.66,0.73
3,368.83380126953125,220.93893432617188,1722443391587.267,0.8100000000000002,0.66,0.73
3,368.837158203125,221.00759887695312,1722443391587.271,0.8100000000000002,0.66,0.73
3,368.8387451171875,221.05731201171875,1722443391587.275,0.8100000000000002,0.66,0.73
3,368.8388366699219,221.0802459716797,1722443391587.281,0.8200000000000002,0.66,0.73
3,368.83856201171875,221.08216857910156,1722443391587.283,0.8200000000000002,0.66,0.73
3,368.83837890625,221.0755157470703,1722443391587.287,0.8300000000000002,0.66,0.73
3,368.84844970703125,221.05990600585938,1722443391587.291,0.8300000000000002,0.66,0.73
3,368.88226318359375,221.0343475341797,1722443391587.298,0.8300000000000002,0.67,0.77
3,368.94598388671875,220.99388122558594,1722443391587.299,0.8400000000000002,0.67,0.77
3,369.0313415527344,220.92864990234375,1722443391587.303,0.8400000000000002,0.67,0.77
3,369.1247863769531,220.8242645263672,1722443391587.307,0.8500000000000002,0.67,0.77
3,369.2266540527344,220.67796325683594,1722443391587.311,0.8500000000000002,0.67,0.77
3,369.34783935546875,220.49331665039062,1722443391587.316,0.8600000000000002,0.67,0.77
3,369.4968566894531,220.2765350341797,1722443391587.321,0.8600000000000002,0.67,0.77
3,369.6676330566406,220.03311157226562,1722443391587.325,0.8600000000000002,0.67,0.77
3,369.89697265625,219.71368408203125,1722443391587.333,0.8700000000000002,0.67,0.77
3,370.21160888671875,219.2887725830078,1722443391587.337,0.8700000000000002,0.67,0.77
3,370.61279296875,218.76834106445312,1722443391587.341,0.8800000000000002,0.67,0.77
3,371.06524658203125,218.19540405273438,1722443391587.35,0.8800000000000002,0.67,0.77
3,371.5364685058594,217.58578491210938,1722443391587.35,0.8800000000000002,0.67,0.77
3,372.0138244628906,216.92710876464844,1722443391587.353,0.8800000000000002,0.67,0.77
3,372.490966796875,216.2087860107422,1722443391587.357,0.8800000000000002,0.6900000000000001,0.73
3,372.970458984375,215.43275451660156,1722443391587.361,0.8900000000000002,0.6900000000000001,0.73
3,373.44635009765625,214.61170959472656,1722443391587.365,0.8900000000000002,0.6900000000000001,0.73
3,373.92340087890625,213.7591094970703,1722443391587.369,0.8900000000000002,0.6900000000000001,0.73
3,374.3974304199219,212.89044189453125,1722443391587.375,0.8900000000000002,0.6900000000000001,0.73
3,374.8739318847656,212.00779724121094,1722443391587.381,0.8900000000000002,0.6900000000000001,0.73
3,375.3677062988281,211.1146240234375,1722443391587.383,0.8900000000000002,0.6900000000000001,0.73
3,375.8904724121094,210.21807861328125,1722443391587.387,0.8900000000000002,0.6900000000000001,0.73
3,376.44415283203125,209.33135986328125,1722443391587.391,0.8900000000000002,0.6900000000000001,0.73
3,377.0212707519531,208.4586944580078,1722443391587.397,0.8900000000000002,0.6900000000000001,0.73
3,377.6156005859375,207.5957794189453,1722443391587.399,0.8900000000000002,0.6900000000000001,0.73
3,378.2203063964844,206.73489379882812,1722443391587.403,0.8900000000000002,0.6900000000000001,0.73
3,378.82965087890625,205.89254760742188,1722443391587.408,0.8900000000000002,0.6900000000000001,0.73
3,379.43865966796875,205.0950927734375,1722443391587.411,0.8900000000000002,0.6900000000000001,0.73
3,380.04583740234375,204.3472900390625,1722443391587.416,0.8900000000000002,0.67,0.7
3,380.65167236328125,203.6399688720703,1722443391587.419,0.8900000000000002,0.67,0.7
3,381.2470397949219,202.96566772460938,1722443391587.425,0.8900000000000002,0.67,0.7
3,381.8290100097656,202.3259735107422,1722443391587.432,0.8900000000000002,0.67,0.7
3,382.4042053222656,201.71435546875,1722443391587.433,0.8900000000000002,0.67,0.7
3,382.98699951171875,201.12680053710938,1722443391587.437,0.8900000000000002,0.67,0.7
3,383.5829162597656,200.5731201171875,1722443391587.441,0.8900000000000002,0.67,0.7
3,384.1884765625,200.06829833984375,1722443391587.445,0.8900000000000002,0.67,0.7
3,384.79669189453125,199.62173461914062,1722443391587.449,0.8900000000000002,0.67,0.7
3,385.39398193359375,199.22720336914062,1722443391587.453,0.8900000000000002,0.67,0.7
3,385.9669494628906,198.8792724609375,1722443391587.457,0.8900000000000002,0.67,0.7
3,386.50970458984375,198.58204650878906,1722443391587.461,0.8900000000000002,0.67,0.7
3,387.0203552246094,198.34181213378906,1722443391587.465,0.8900000000000002,0.67,0.7
3,387.508544921875,198.15020751953125,1722443391587.469,0.8900000000000002,0.67,0.7
3,387.9810791015625,197.9850616455078,1722443391587.475,0.8900000000000002,0.67,0.7
3,388.4521789550781,197.83436584472656,1722443391587.483,0.8900000000000002,0.67,0.7
3,388.9231872558594,197.70101928710938,1722443391587.483,0.8800000000000002,0.67,0.7
3,389.3894348144531,197.60179138183594,1722443391587.487,0.8800000000000002,0.67,0.7
3,389.84124755859375,197.5361785888672,1722443391587.491,0.8800000000000002,0.67,0.7
3,390.278564453125,197.4965362548828,1722443391587.495,0.8800000000000002,0.67,0.7
3,390.7077941894531,197.47174072265625,1722443391587.499,0.8800000000000002,0.67,0.7
3,391.1260681152344,197.45965576171875,1722443391587.503,0.8800000000000002,0.67,0.7
3,391.52288818359375,197.4571075439453,1722443391587.508,0.8800000000000002,0.67,0.7
3,391.90142822265625,197.45997619628906,1722443391587.511,0.8800000000000002,0.67,0.7
3,392.2623596191406,197.4630889892578,1722443391587.515,0.8800000000000002,0.67,0.7
3,392.6088562011719,197.46456909179688,1722443391587.52,0.8800000000000002,0.67,0.7
3,392.93206787109375,197.46463012695312,1722443391587.523,0.8800000000000002,0.67,0.7
3,393.2296142578125,197.46435546875,1722443391587.531,0.8800000000000002,0.67,0.7
3,393.4923400878906,197.4838409423828,1722443391587.534,0.8800000000000002,0.67,0.7
3,393.7271423339844,197.54937744140625,1722443391587.54,0.8700000000000002,0.67,0.7
3,393.9405822753906,197.67486572265625,1722443391587.542,0.8700000000000002,0.67,0.7
3,394.17059326171875,197.86488342285156,1722443391587.55,0.8700000000000002,0.67,0.7
3,394.42730712890625,198.098876953125,1722443391587.553,0.8700000000000002,0.67,0.7
3,394.6936950683594,198.34312438964844,1722443391587.557,0.8700000000000002,0.67,0.7
3,394.9296875,198.57366943359375,1722443391587.568,0.8700000000000002,0.67,0.7
3,395.1138610839844,198.78602600097656,1722443391587.569,0.8700000000000002,0.67,0.7
3,395.25653076171875,198.98487854003906,1722443391587.569,0.8700000000000002,0.67,0.7
3,395.3878479003906,199.18150329589844,1722443391587.574,0.8700000000000002,0.67,0.7
3,395.5233459472656,199.3914794921875,1722443391587.578,0.8600000000000002,0.67,0.7
3,395.66497802734375,199.6259307861328,1722443391587.584,0.8600000000000002,0.67,0.7
3,395.80126953125,199.87184143066406,1722443391587.588,0.8600000000000002,0.67,0.7
3,395.9334411621094,200.10366821289062,1722443391587.591,0.8600000000000002,0.67,0.7
3,396.07965087890625,200.33450317382812,1722443391587.601,0.8600000000000002,0.67,0.7
3,396.2450256347656,200.5897979736328,1722443391587.603,0.8600000000000002,0.67,0.7
3,396.4097595214844,200.87860107421875,1722443391587.608,0.8600000000000002,0.67,0.7
3,396.545166015625,201.16526794433594,1722443391587.611,0.8600000000000002,0.67,0.7
3,396.6351623535156,201.42398071289062,1722443391587.615,0.8600000000000002,0.67,0.7
3,396.68096923828125,201.65684509277344,1722443391587.619,0.8500000000000002,0.67,0.7
3,396.7044372558594,201.87937927246094,1722443391587.623,0.8500000000000002,0.67,0.7
3,396.7247009277344,202.09286499023438,1722443391587.627,0.8500000000000002,0.67,0.7
3,396.7478942871094,202.2892303466797,1722443391587.633,0.8500000000000002,0.67,0.7
3,396.765625,202.46707153320312,1722443391587.637,0.8500000000000002,0.67,0.7
3,396.7727966308594,202.64453125,1722443391587.641,0.8400000000000002,0.67,0.7
3,396.76141357421875,202.844970703125,1722443391587.645,0.8400000000000002,0.67,0.7
3,396.71478271484375,203.07928466796875,1722443391587.649,0.8400000000000002,0.67,0.7
3,396.5965270996094,203.34800720214844,1722443391587.653,0.8400000000000002,0.67,0.7
3,396.38140869140625,203.65826416015625,1722443391587.657,0.8400000000000002,0.67,0.7
3,396.0761413574219,204.01922607421875,1722443391587.661,0.8400000000000002,0.67,0.7
3,395.71002197265625,204.42828369140625,1722443391587.665,0.8400000000000002,0.67,0.7
3,395.30914306640625,204.86578369140625,1722443391587.669,0.8400000000000002,0.67,0.7
3,394.8773498535156,205.31031799316406,1722443391587.673,0.8400000000000002,0.67,0.7
3,394.40008544921875,205.74986267089844,1722443391587.677,0.8400000000000002,0.67,0.7
3,393.86529541015625,206.18392944335938,1722443391587.687,0.8400000000000002,0.67,0.7
3,393.2703552246094,206.6256103515625,1722443391587.687,0.8400000000000002,0.67,0.7
3,392.6351013183594,207.08096313476562,1722443391587.691,0.8400000000000002,0.67,0.7
3,391.9779968261719,207.54354858398438,1722443391587.697,0.8300000000000002,0.67,0.7
3,391.3305969238281,207.98826599121094,1722443391587.699,0.8300000000000002,0.67,0.7
3,390.7185974121094,208.40541076660156,1722443391587.703,0.8300000000000002,0.67,0.7
3,390.1569519042969,208.79559326171875,1722443391587.707,0.8300000000000002,0.67,0.7
3,389.6532897949219,209.16847229003906,1722443391587.711,0.8300000000000002,0.67,0.7
3,389.2120666503906,209.53746032714844,1722443391587.715,0.8300000000000002,0.67,0.7
3,388.828857421875,209.90020751953125,1722443391587.719,0.8300000000000002,0.67,0.7
3,388.4837341308594,210.2504425048828,1722443391587.723,0.8300000000000002,0.67,0.7
3,388.1520690917969,210.584716796875,1722443391587.727,0.8300000000000002,0.67,0.7
3,387.82720947265625,210.90432739257812,1722443391587.731,0.8300000000000002,0.67,0.7
3,387.51861572265625,211.2161102294922,1722443391587.737,0.8200000000000002,0.67,0.7
3,387.2360534667969,211.51991271972656,1722443391587.741,0.8200000000000002,0.67,0.7
3,386.9742736816406,211.8125457763672,1722443391587.745,0.8200000000000002,0.67,0.7
3,386.7206115722656,212.0886993408203,1722443391587.749,0.8200000000000002,0.67,0.7
3,386.4559020996094,212.35169982910156,1722443391587.753,0.8200000000000002,0.67,0.7
3,386.1747741699219,212.6084442138672,1722443391587.757,0.8200000000000002,0.67,0.7
3,385.8850402832031,212.8654022216797,1722443391587.761,0.8200000000000002,0.67,0.7
3,385.6028747558594,213.12393188476562,1722443391587.765,0.8200000000000002,0.67,0.7
3,385.34478759765625,213.37313842773438,1722443391587.769,0.8200000000000002,0.67,0.7
3,385.12017822265625,213.60858154296875,1722443391587.773,0.8200000000000002,0.67,0.7
3,384.9279479980469,213.8273468017578,1722443391587.777,0.8200000000000002,0.67,0.7
3,384.7561950683594,214.0313262939453,1722443391587.782,0.8200000000000002,0.67,0.7
3,384.59100341796875,214.20962524414062,1722443391587.785,0.8200000000000002,0.67,0.7
3,384.42364501953125,214.36239624023438,1722443391587.791,0.8200000000000002,0.67,0.7
3,384.24261474609375,214.50216674804688,1722443391587.795,0.8200000000000002,0.67,0.7
3,384.046142578125,214.64968872070312,1722443391587.799,0.8200000000000002,0.67,0.7
3,383.84246826171875,214.81253051757812,1722443391587.803,0.8200000000000002,0.67,0.7
3,383.64727783203125,214.98660278320312,1722443391587.807,0.8200000000000002,0.67,0.7
3,383.476318359375,215.15367126464844,1722443391587.811,0.8200000000000002,0.67,0.7
3,383.328369140625,215.30615234375,1722443391587.815,0.8200000000000002,0.67,0.7
3,383.1988830566406,215.44964599609375,1722443391587.819,0.8200000000000002,0.67,0.7
3,383.0827941894531,215.58998107910156,1722443391587.823,0.8200000000000002,0.67,0.7
3,382.9813537597656,215.73025512695312,1722443391587.827,0.8200000000000002,0.67,0.7
3,382.89178466796875,215.86407470703125,1722443391587.832,0.8200000000000002,0.67,0.7
3,382.8087463378906,215.99563598632812,1722443391587.835,0.8200000000000002,0.67,0.7
3,382.7259521484375,216.1230010986328,1722443391587.841,0.8200000000000002,0.67,0.7
3,382.6507873535156,216.24313354492188,1722443391587.845,0.8200000000000002,0.67,0.7
3,382.58746337890625,216.3577880859375,1722443391587.8489,0.8100000000000002,0.67,0.7
3,382.5411071777344,216.4717254638672,1722443391587.853,0.8100000000000002,0.67,0.7
3,382.51068115234375,216.5848846435547,1722443391587.857,0.8100000000000002,0.67,0.7
3,382.4966735839844,216.68968200683594,1722443391587.861,0.8100000000000002,0.67,0.7
3,382.49432373046875,216.78271484375,1722443391587.865,0.8100000000000002,0.67,0.7
3,382.4977111816406,216.8674774169922,1722443391587.869,0.8000000000000002,0.67,0.7
3,382.50103759765625,216.96047973632812,1722443391587.873,0.8000000000000002,0.67,0.7
3,382.50250244140625,217.06846618652344,1722443391587.877,0.8000000000000002,0.67,0.7
3,382.5025634765625,217.19459533691406,1722443391587.882,0.8000000000000002,0.67,0.7
3,382.50225830078125,217.3264617919922,1722443391587.885,0.8000000000000002,0.67,0.7
3,382.5021057128906,217.4610595703125,1722443391587.89,0.7900000000000001,0.68,0.6799999999999999
3,382.5115966796875,217.59103393554688,1722443391587.898,0.7900000000000001,0.68,0.6799999999999999
3,382.54400634765625,217.72232055664062,1722443391587.899,0.7900000000000001,0.68,0.6599999999999999
3,382.6065368652344,217.8510284423828,1722443391587.903,0.7900000000000001,0.68,0.6599999999999999
3,382.6913757324219,217.9824981689453,1722443391587.907,0.7800000000000001,0.68,0.6799999999999999
3,382.79486083984375,218.1211395263672,1722443391587.911,0.7800000000000001,0.68,0.6799999999999999
3,382.9200134277344,218.28517150878906,1722443391587.915,0.7800000000000001,0.67,0.7
3,383.08123779296875,218.48619079589844,1722443391587.919,0.7700000000000001,0.67,0.7
3,383.2955017089844,218.74513244628906,1722443391587.923,0.7700000000000001,0.67,0.7
3,383.5713806152344,219.06381225585938,1722443391587.927,0.7700000000000001,0.67,0.7
3,383.8985290527344,219.42576599121094,1722443391587.932,0.7700000000000001,0.67,0.7
3,384.2524108886719,219.80816650390625,1722443391587.935,0.7700000000000001,0.67,0.7
3,384.62060546875,220.19419860839844,1722443391587.939,0.7700000000000001,0.67,0.7
3,385.00592041015625,220.58352661132812,1722443391587.945,0.7700000000000001,0.67,0.7
3,385.4158630371094,220.9822998046875,1722443391587.949,0.7700000000000001,0.67,0.7
3,385.8559875488281,221.39718627929688,1722443391587.953,0.7700000000000001,0.67,0.7
3,386.3184814453125,221.82598876953125,1722443391587.957,0.7700000000000001,0.67,0.7
3,386.7867126464844,222.27182006835938,1722443391587.961,0.7700000000000001,0.67,0.7
3,387.25299072265625,222.74107360839844,1722443391587.965,0.7700000000000001,0.67,0.7
3,387.7164001464844,223.23789978027344,1722443391587.969,0.7700000000000001,0.67,0.7
3,388.1864318847656,223.76483154296875,1722443391587.973,0.7700000000000001,0.67,0.7
3,388.6699523925781,224.31297302246094,1722443391587.977,0.7700000000000001,0.67,0.7
3,389.1715087890625,224.87664794921875,1722443391587.982,0.7700000000000001,0.67,0.7
3,389.6871643066406,225.4523468017578,1722443391587.985,0.7700000000000001,0.67,0.7
3,390.2099609375,226.04270935058594,1722443391587.989,0.7700000000000001,0.67,0.7
3,390.7431945800781,226.64517211914062,1722443391587.993,0.7700000000000001,0.67,0.7
3,391.2975769042969,227.2541961669922,1722443391587.999,0.7700000000000001,0.67,0.7
3,391.8700866699219,227.8533935546875,1722443391588.003,0.7700000000000001,0.67,0.7
3,392.4404296875,228.42701721191406,1722443391588.007,0.7700000000000001,0.67,0.7
3,392.97857666015625,228.96853637695312,1722443391588.011,0.7700000000000001,0.67,0.7
3,393.4598388671875,229.4878692626953,1722443391588.015,0.7800000000000001,0.67,0.7
3,393.88623046875,229.98951721191406,1722443391588.019,0.7800000000000001,0.67,0.7
3,394.2745056152344,230.479736328125,1722443391588.023,0.7800000000000001,0.67,0.7
3,394.6429748535156,230.95689392089844,1722443391588.027,0.7800000000000001,0.67,0.7
3,395.00860595703125,231.42059326171875,1722443391588.032,0.7800000000000001,0.67,0.7
3,395.3791809082031,231.87786865234375,1722443391588.035,0.7800000000000001,0.67,0.7
3,395.7518615722656,232.33602905273438,1722443391588.039,0.7900000000000001,0.67,0.7
3,396.11627197265625,232.78514099121094,1722443391588.043,0.7900000000000001,0.67,0.7
3,396.4584045410156,233.20362854003906,1722443391588.049,0.7900000000000001,0.67,0.7
3,396.7789001464844,233.58023071289062,1722443391588.053,0.7900000000000001,0.67,0.7
3,397.09136962890625,233.92568969726562,1722443391588.057,0.7900000000000001,0.67,0.7
3,397.4039001464844,234.25030517578125,1722443391588.061,0.7900000000000001,0.67,0.7
3,397.7185974121094,234.55465698242188,1722443391588.065,0.7900000000000001,0.67,0.7
3,398.0368957519531,234.8447265625,1722443391588.069,0.7900000000000001,0.67,0.7
3,398.3552551269531,235.12911987304688,1722443391588.073,0.8000000000000002,0.67,0.7
3,398.6715393066406,235.41224670410156,1722443391588.077,0.8000000000000002,0.67,0.7
3,398.9883117675781,235.68826293945312,1722443391588.082,0.8000000000000002,0.67,0.7
3,399.3043518066406,235.95437622070312,1722443391588.085,0.8000000000000002,0.67,0.7
3,399.6196594238281,236.2132568359375,1722443391588.089,0.8100000000000002,0.66,0.73
3,399.9272155761719,236.4605255126953,1722443391588.093,0.8100000000000002,0.66,0.73
3,400.23162841796875,236.69517517089844,1722443391588.0989,0.8100000000000002,0.66,0.73
3,400.5315246582031,236.91421508789062,1722443391588.103,0.8100000000000002,0.66,0.73
3,400.81463623046875,237.11846923828125,1722443391588.107,0.8100000000000002,0.66,0.73
3,401.0699462890625,237.29676818847656,1722443391588.111,0.8200000000000002,0.66,0.73
3,401.2947082519531,237.4393310546875,1722443391588.115,0.8200000000000002,0.66,0.73
3,401.4954833984375,237.54527282714844,1722443391588.119,0.8200000000000002,0.66,0.73
3,401.6788024902344,237.6290740966797,1722443391588.123,0.8300000000000002,0.66,0.73
3,401.8621520996094,237.70657348632812,1722443391588.127,0.8300000000000002,0.66,0.73
3,402.0547180175781,237.78720092773438,1722443391588.132,0.8300000000000002,0.66,0.73
3,402.26422119140625,237.87205505371094,1722443391588.135,0.8300000000000002,0.66,0.73
3,402.4909362792969,237.95938110351562,1722443391588.139,0.8300000000000002,0.66,0.73
3,402.73590087890625,238.0374298095703,1722443391588.143,0.8400000000000002,0.66,0.73
3,403.0033264160156,238.1014862060547,1722443391588.148,0.8400000000000002,0.66,0.73
3,403.2994079589844,238.14764404296875,1722443391588.153,0.8400000000000002,0.66,0.73
3,403.6349792480469,238.17776489257812,1722443391588.157,0.8400000000000002,0.66,0.73
3,404.02410888671875,238.19163513183594,1722443391588.161,0.8500000000000002,0.67,0.77
3,404.493896484375,238.1939697265625,1722443391588.165,0.8400000000000002,0.67,0.77
3,405.05023193359375,238.19061279296875,1722443391588.169,0.8300000000000002,0.67,0.77
3,405.68963623046875,238.19740295410156,1722443391588.173,0.7900000000000001,0.67,0.77
3,406.3839416503906,238.22970581054688,1722443391588.177,0.7000000000000002,0.67,0.77
3,407.12396240234375,238.28387451171875,1722443391588.182,0.5200000000000002,0.67,0.77
3,407.8081970214844,238.33712768554688,1722443391588.183,2.220446049250313e-16,0.67,0.77
3,408.306884765625,238.3682098388672,1722443391588.183,2.220446049250313e-16,0.67,0.77
3,408.5379333496094,238.37515258789062,1722443391588.183,2.220446049250313e-16,0.67,0.77
3,408.56182861328125,238.3697967529297,1722443391588.183,2.220446049250313e-16,0.67,0.77
